Description,ID,Location,Sherrifs,Date
UNDER THE INFLUENCE,190600076,1000 BLOCK E PACIFIC ST,San Bernardino County Sheriff,3/1/2019 21:56
DRUNKENNESS,2019-00026415,BASELINE ST & SEPULVEDA AVE,San Bernardino Police,3/1/2019 4:20
ASSAULT - AGGRAVATED,2019-00026412,ARROWHEAD AVE & 9TH ST,San Bernardino Police,3/1/2019 2:00
THEFT- MOTOR VEHICLE,2019-00026396,800 BLOCK WATERMAN AVE,San Bernardino Police,3/1/2019 0:55
ASSAULT - AGGRAVATED,2019-00026353,9TH ST & DEL ROSA AVE,San Bernardino Police,2/28/2019 23:30
THEFT- MOTOR VEHICLE,2019-00026321,500 BLOCK GRAY ST,San Bernardino Police,2/28/2019 22:32
DRUNKENNESS,2019-00026287,200 BLOCK MTN VIEW AVE,San Bernardino Police,2/28/2019 21:20
ASSAULT - AGGRAVATED,2019-00026288,1500 BLOCK WATERMAN AVE,San Bernardino Police,2/28/2019 20:30
THEFT- MOTOR VEHICLE,2019-00026443,200 BLOCK KING ST,San Bernardino Police,2/28/2019 19:00
ADW - OTHER DANGEROUS WEAPON,190590068,25200 BLOCK BESSANT ST,San Bernardino County Sheriff,2/28/2019 16:43
RAPE - FORCIBLE,2019-00026252,700 BLOCK D ST,San Bernardino Police,2/28/2019 13:10
GRAND THEFT FROM A STORE OVER (OVER $950),2019,7100 BLOCK VICTORIA AVE,Highland Police,2/28/2019 10:33
SHOPLIFTING,2019-00025927,900 BLOCK MILL ST,San Bernardino Police,2/28/2019 5:38
THEFT - FROM VEH,2019-00025937,600 BLOCK H ST,San Bernardino Police,2/28/2019 5:10
DRUNKENNESS,2019-00025839,ORANGE ST & WATERMAN AVE,San Bernardino Police,2/27/2019 23:46
UNDER THE INFLUENCE,190600076,1000 BLOCK E PACIFIC ST,San Bernardino County Sheriff,3/1/2019 21:56
GRAND THEFT FROM A STORE OVER (OVER $950),190590051,7100 BLOCK VICTORIA AVE,Highland Police,2/28/2019 10:33
THEFT- MOTOR VEHICLE,2019-00026321,500 BLOCK GRAY ST,San Bernardino Police,2/28/2019 22:32
ASSAULT - SIMPLE (NO MED NEEDED),2019-00025838,900 BLOCK MILL ST,San Bernardino Police,2/27/2019 23:39
ASSAULT - SIMPLE (NO MED NEEDED),2019-00025762,800 BLOCK DAVIDSON AVE,San Bernardino Police,2/27/2019 18:00
SHOPLIFTING,2019-00025791,200 BLOCK WATERMAN AVE,San Bernardino Police,2/27/2019 16:39
ROBBERY,2019-00025733,100 BLOCK F ST,San Bernardino Police,2/27/2019 16:20
ASSAULT - AGGRAVATED,2019-00025733,100 BLOCK F ST,San Bernardino Police,2/27/2019 16:20
ROBBERY,2019-00025672,BASELINE ST & BARTON ST,San Bernardino Police,2/27/2019 14:00
ASSAULT - SIMPLE (NO MED NEEDED),2019-00025582,300 BLOCK WATERMAN AVE,San Bernardino Police,2/27/2019 11:59
THEFT - ALL OTHER,2019-00026076,1100 BLOCK MILL ST,San Bernardino Police,2/27/2019 8:00
BURGLARY/BREAKING & ENTERING,2019-00025420,1200 BLOCK WATERMAN AVE,San Bernardino Police,2/27/2019 6:03
ASSAULT - SIMPLE (NO MED NEEDED),2019-00025424,1000 BLOCK PERSHING AVE,San Bernardino Police,2/27/2019 5:25
BURGLARY/BREAKING & ENTERING,2019-00025406,600 BLOCK BASELINE ST,San Bernardino Police,2/27/2019 4:01
POSS OF CONTROLLED SUBSTANCE,190580002,N CONEJO DR / E BASELINE ST,Highland Police,2/27/2019 0:32
UNDER THE INFLUENCE,190570089,24200 BLOCK MONTEREY AVE,San Bernardino County Sheriff,2/26/2019 22:51
ASSAULT - AGGRAVATED,2019-00025349,800 BLOCK TIPPECANOE AVE,San Bernardino Police,2/26/2019 22:00
ROBBERY,2019-00025344,100 BLOCK 9TH ST,San Bernardino Police,2/26/2019 21:20
ASSAULT - SIMPLE (NO MED NEEDED),,,,
SHOPLIFTING,2019-00025791,200 BLOCK WATERMAN AVE,,
ASSAULT - SIMPLE (NO MED NEEDED),2019-00025328,700 BLOCK 8TH ST,San Bernardino Police,2/26/2019 20:00
ASSAULT - SIMPLE (NO MED NEEDED),2019-00025300,400 BLOCK RIALTO AVE,San Bernardino Police,2/26/2019 19:30
THEFT - FROM BUILDING,2019-00025355,2600 BLOCK 7TH ST,San Bernardino Police,2/26/2019 18:00
ASSAULT - SIMPLE (NO MED NEEDED),2019-00025278,1000 BLOCK TIAJUANA ST,San Bernardino Police,2/26/2019 18:00
"ASSAULT-SIMPLE, HANDS, FIST, FEET",190570067,25100 BLOCK PACIFIC ST,San Bernardino County Sheriff,2/26/2019 17:32
ASSAULT - AGGRAVATED,2019-00025243,2700 BLOCK 2ND ST,San Bernardino Police,2/26/2019 16:00
ROBBERY,2019-00025235,400 BLOCK WATERMAN AVE,San Bernardino Police,2/26/2019 15:48
THEFT - FROM VEH,2019-00025480,300 BLOCK I ST,San Bernardino Police,2/26/2019 15:00
THEFT - ALL OTHER,2019-00025184,900 BLOCK WESTERN AVE,San Bernardino Police,2/26/2019 14:10
BURGLARY/BREAKING & ENTERING,2019-00025167,16TH ST & GENEVIEVE ST,San Bernardino Police,2/26/2019 14:05
THEFT - ALL OTHER,2019-00025170,2ND ST & MERIDIAN AVE,San Bernardino Police,2/26/2019 13:40
GTA - AUTO,190570030,25500 BLOCK JANE ST,Highland Police,2/26/2019 9:52
ASSAULT - SIMPLE (NO MED NEEDED),2019-00025001,800 BLOCK MAYFIELD AVE,San Bernardino Police,2/26/2019 9:40
ROBBERY,2019-00024962,500 BLOCK INLAND CENTER DR,San Bernardino Police,2/26/2019 9:00
BURGLARY/BREAKING & ENTERING,2019-00025421,1100 BLOCK D ST,San Bernardino Police,2/26/2019 7:30
ASSAULT - AGGRAVATED,2019-00024921,200 BLOCK 8TH ST,San Bernardino Police,2/26/2019 7:10
ASSAULT - AGGRAVATED,2019-00024890,1200 BLOCK F ST,San Bernardino Police,2/26/2019 3:22
MISC NARCOTIC MISD,190570005,E BASELINE ST / N CANYON RD,San Bernardino County Sheriff,2/26/2019 2:31
ROBBERY,2019-00024879,600 BLOCK 6TH ST,San Bernardino Police,2/26/2019 2:23
THEFT- MOTOR VEHICLE,2019-00024876,200 BLOCK 11TH ST,San Bernardino Police,2/26/2019 1:25
ASSAULT - SIMPLE (NO MED NEEDED),2019-00024891,1000 BLOCK 9TH ST,San Bernardino Police,2/26/2019 1:00
ASSAULT - SIMPLE (NO MED NEEDED),2019-00024849,1000 BLOCK PERSHING AVE,San Bernardino Police,2/25/2019 23:30
ASSAULT - AGGRAVATED,2019-00026376,1080 E 9 ST,San Bernardino Police,2/25/2019 22:00
ASSAULT - AGGRAVATED,2019-00024878,100 BLOCK BASELINE ST,San Bernardino Police,2/25/2019 21:00
ASSAULT - AGGRAVATED,2019-00024775,600 BLOCK 9TH ST,San Bernardino Police,2/25/2019 19:30
ROBBERY,2019-00024775,600 BLOCK 9TH ST,San Bernardino Police,2/25/2019 19:30
ASSAULT - SIMPLE (NO MED NEEDED),2019-00024742,700 BLOCK D ST,San Bernardino Police,2/25/2019 16:00
ASSAULT - SIMPLE (NO MED NEEDED),2019-00024719,2200 BLOCK CHESTNUT ST,San Bernardino Police,2/25/2019 15:45
AUTO BURGLARY,190560037,600 BLOCK E 3RD ST,San Bernardino County Sheriff,2/25/2019 14:36
GTA - TRUCK OR MOTORHOME,190560054,26200 BLOCK 9TH ST,Highland Police,2/25/2019 12:09
"OTHER, YARD, RESIDENCE, ETC",190570064,7000 BLOCK VICTORIA AVE,Highland Police,2/25/2019 11:45
THEFT - FROM VEH,2019-00026186,600 BLOCK 9TH ST,San Bernardino Police,2/25/2019 11:00
THEFT - ALL OTHER,2019-00024661,1300 BLOCK D ST,San Bernardino Police,2/25/2019 10:15
GTA - AUTO,190560035,7100 BLOCK DEL ROSA AVE,Highland Police,2/25/2019 10:14
SHOPLIFTING,190560014,25100 BLOCK E BASELINE ST,San Bernardino County Sheriff,2/25/2019 9:14
THEFT- MOTOR VEHICLE,2019-00024489,200 BLOCK MERIDIAN AVE,San Bernardino Police,2/25/2019 7:17
BURGLARY/BREAKING & ENTERING,2019-00024493,800 BLOCK E ST,San Bernardino Police,2/25/2019 6:25
THEFT- MOTOR VEHICLE,2019-00024458,100 BLOCK MT VERNON AVE,San Bernardino Police,2/25/2019 2:47
VANDALISM/DESTRUCTION/DAMAGE OF PROPERTY,2019-00024598,100 BLOCK BASELINE ST,San Bernardino Police,2/25/2019 2:00
ASSAULT - AGGRAVATED,2019-00024430,MT VERNON AVE & GRANT AVE,San Bernardino Police,2/25/2019 0:25
VANDALISM/DESTRUCTION/DAMAGE OF PROPERTY,2019-03000552,700 BLOCK MILL ST,San Bernardino Police,2/24/2019 23:45
ARSON,2019-00024420,700 BLOCK MILL ST,San Bernardino Police,2/24/2019 23:25
ASSAULT - AGGRAVATED,2019-00024416,700 BLOCK H ST,San Bernardino Police,2/24/2019 22:40
THEFT- MOTOR VEHICLE,2019-00024390,700 BLOCK 5TH ST,San Bernardino Police,2/24/2019 21:00
ASSAULT - AGGRAVATED,2019-00024763,400 BLOCK 3RD ST,San Bernardino Police,2/24/2019 20:30
THEFT- MOTOR VEHICLE,2019-00024465,1400 BLOCK ROXBURY DR,San Bernardino Police,2/24/2019 20:00
ASSAULT - SIMPLE (NO MED NEEDED),2019-00024792,K ST & 14TH ST,San Bernardino Police,2/24/2019 20:00
"ASSAULT-SIMPLE, HANDS, FIST, FEET",190550103,25500 BLOCK JANE ST,Highland Police,2/24/2019 19:49
THEFT- MOTOR VEHICLE,2019-00024364,700 BLOCK D ST,San Bernardino Police,2/24/2019 18:00
VANDALISM/DESTRUCTION/DAMAGE OF PROPERTY,2019-00024292,200 BLOCK 8TH ST,San Bernardino Police,2/24/2019 15:43
DRUG/NARCOTIC VIOLATIONS,2019-00024292,200 BLOCK 8TH ST,San Bernardino Police,2/24/2019 15:43
THEFT- MOTOR VEHICLE,2019-00025504,MT VERNON AVE & BASELINE ST,San Bernardino Police,2/24/2019 15:00
ASSAULT - SIMPLE (NO MED NEEDED),2019-00024271,1600 BLOCK 10TH ST,San Bernardino Police,2/24/2019 14:32
BURGLARY/BREAKING & ENTERING,2019-00024531,700 BLOCK ARROWHEAD AVE,San Bernardino Police,2/24/2019 13:00
THEFT- MOTOR VEHICLE,2019-00024217,600 BLOCK DALLAS AVE,San Bernardino Police,2/24/2019 11:58
GTA - AUTO,190550045,7800 BLOCK FAIRFAX,Highland Police,2/24/2019 10:48
"RESIDENTIAL-UNKNOWN TIME, ENTRY BY FORCE",190550031,25200 BLOCK FISHER ST,San Bernardino County Sheriff,2/24/2019 9:39
GTA - AUTO,190550033,7200 BLOCK SEELEY CT,Highland Police,2/24/2019 7:39
GTA - AUTO,190550031,7400 BLOCK ELM ST,Highland Police,2/24/2019 7:29
BURGLARY/BREAKING & ENTERING,2019-00024134,1600 BLOCK 9TH ST,San Bernardino Police,2/24/2019 7:00
ASSAULT - SIMPLE (NO MED NEEDED),2019-00024792,,,
DRUNKENNESS,2019-00024119,700 BLOCK SPRUCE ST,San Bernardino Police,2/24/2019 4:56
DISORDERLY CONDUCT,2019-00024104,MILL ST & G ST,San Bernardino Police,2/24/2019 3:20
THEFT- MOTOR VEHICLE,2019-00024126,100 BLOCK GOLDEN AVE,San Bernardino Police,2/24/2019 2:30
ASSAULT - SIMPLE (NO MED NEEDED),2019-00024057,MILL ST & MT VERNON AVE,San Bernardino Police,2/23/2019 23:40
DRUNKENNESS,2019-00024044,500 BLOCK RIALTO AVE,San Bernardino Police,2/23/2019 23:04
THEFT- MOTOR VEHICLE,2019-00024114,2500 BLOCK BASELINE ST,San Bernardino Police,2/23/2019 22:00
ROBBERY,2019-00023982,2600 BLOCK 2ND ST,San Bernardino Police,2/23/2019 21:00
DRUNKENNESS,2019-00023976,WALL AVE & BASELINE ST,San Bernardino Police,2/23/2019 20:55
ASSAULT - AGGRAVATED,2019-00023927,300 BLOCK D ST,San Bernardino Police,2/23/2019 18:05
THEFT- MOTOR VEHICLE,2019-00024128,100 BLOCK 6TH ST,San Bernardino Police,2/23/2019 17:45
GTA - AUTO,190540118,25700 BLOCK BASELINE ST,Highland Police,2/23/2019 17:26
BURGLARY/BREAKING & ENTERING,2019-00024592,300 BLOCK E ST,San Bernardino Police,2/23/2019 15:00
THEFT - ALL OTHER,2019-00023835,1100 BLOCK G ST,San Bernardino Police,2/23/2019 13:20
ROBBERY,2019-00023823,400 BLOCK BASELINE ST,San Bernardino Police,2/23/2019 13:00
ASSAULT - AGGRAVATED,2019-00023800,600 BLOCK 9TH ST,San Bernardino Police,2/23/2019 13:00
THEFT - ALL OTHER,2019-00023835,1100 BLOCK G ST,,
BURGLARY/BREAKING & ENTERING,2019-00023791,100 BLOCK 8TH ST,San Bernardino Police,2/23/2019 11:37
GTA - AUTO,190540054,7300 BLOCK MC KINLEY ST,Highland Police,2/23/2019 10:07
ASSAULT - SIMPLE (NO MED NEEDED),2019-00023757,200 BLOCK 5TH ST,San Bernardino Police,2/23/2019 9:30
THEFT- MOTOR VEHICLE,2019-00024729,700 BLOCK 9TH ST,San Bernardino Police,2/23/2019 9:00
ASSAULT - AGGRAVATED,2019-00023724,1200 BLOCK CONGRESS ST,San Bernardino Police,2/23/2019 7:15
THEFT- MOTOR VEHICLE,2019-00023746,1900 BLOCK EVANS ST,San Bernardino Police,2/23/2019 7:00
ASSAULT - SIMPLE (NO MED NEEDED),2019-00023709,2100 BLOCK CHESTNUT ST,San Bernardino Police,2/22/2019 23:30
THEFT- MOTOR VEHICLE,2019-00023704,1100 BLOCK H ST,San Bernardino Police,2/22/2019 22:00
ASSAULT - SIMPLE (NO MED NEEDED),2019-00023550,1500 BLOCK ARROWHEAD AVE,San Bernardino Police,2/22/2019 20:21
BURGLARY/BREAKING & ENTERING,2019-00024753,1300 BLOCK SEPULVEDA AVE,San Bernardino Police,2/22/2019 20:00
BURGLARY/BREAKING & ENTERING,2019-00023812,900 BLOCK BASELINE ST,San Bernardino Police,2/22/2019 19:00
VANDALISM FELONY OVER $400.00,190530117,7400 BLOCK ELM ST,Highland Police,2/22/2019 18:30
THEFT- MOTOR VEHICLE,2019-00023592,8000 BLOCK SHIRLEY AVE,San Bernardino Police,2/22/2019 17:30
ROBBERY,2019-00023493,100 BLOCK 8TH ST,San Bernardino Police,2/22/2019 17:20
MISC NARCOTIC MISD,190530101,DEL ROSA AVE / E BASELINE ST,Highland Police,2/22/2019 16:45
"RESIDENTIAL-UNKNOWN TIME, ENTRY NO FORCE",190530051,7000 BLOCK DWIGHT WAY,San Bernardino County Sheriff,2/22/2019 16:18
"FRAUD, IDENTITY THEFT",190530049,600 BLOCK E 3RD ST,San Bernardino County Sheriff,2/22/2019 15:51
ASSAULT - SIMPLE (NO MED NEEDED),2019-00023456,700 BLOCK D ST,San Bernardino Police,2/22/2019 15:30
FONDLING CHILD (FORCIBLE),2019-00023456,700 BLOCK D ST,San Bernardino Police,2/22/2019 15:30
ASSAULT - AGGRAVATED,2019-00023429,1600 BLOCK 16TH ST,San Bernardino Police,2/22/2019 14:49
SHOPLIFTING,2019-00023416,500 BLOCK MT VERNON AVE,San Bernardino Police,2/22/2019 13:45
POSS OF CONTROLLED SUBSTANCE,190530072,LANKERSHIM AVE / CYPRESS ST,Highland Police,2/22/2019 13:34
DRUG/NARCOTIC VIOLATIONS,2019-00023390,400 BLOCK 10TH ST,San Bernardino Police,2/22/2019 13:14
CARRYING CONCEALED FIREARM,190530055,100 BLOCK W 5TH. ST,Victorville Police,2/22/2019 9:21
ROBBERY,2019-00023302,800 BLOCK MT VERNON AVE,San Bernardino Police,2/22/2019 9:20
THEFT - ALL OTHER,2019-00023480,700 BLOCK ARROWHEAD AVE,San Bernardino Police,2/22/2019 8:40
POSS OF CONTROLLED SUBSTANCE,190530022,25900 BLOCK BASELINE ST,Highland Police,2/22/2019 4:42
DRUNKENNESS,2019-00023219,2100 BLOCK CHESTNUT ST,San Bernardino Police,2/22/2019 1:43
BURGLARY/BREAKING & ENTERING,2019-00023822,300 BLOCK 8TH ST,San Bernardino Police,2/22/2019 0:00
ASSAULT - AGGRAVATED,2019-00023168,1300 BLOCK OAK ST,San Bernardino Police,2/21/2019 21:59
DRUG/NARCOTIC VIOLATIONS,2019-00023144,400 BLOCK E ST,San Bernardino Police,2/21/2019 20:33
ASSAULT - SIMPLE (NO MED NEEDED),2019-00023101,E ST & BASELINE ST,San Bernardino Police,2/21/2019 18:36
GTA - AUTO,190520090,25700 BLOCK BASELINE ST,Highland Police,2/21/2019 17:59
ASSAULT - AGGRAVATED,2019-00023113,MACY ST & RIALTO AVE,San Bernardino Police,2/21/2019 17:30
THEFT- MOTOR VEHICLE,2019-00026475,2600 BLOCK MILL ST,San Bernardino Police,2/21/2019 17:00
ASSAULT - AGGRAVATED,2019-00023066,600 BLOCK 5TH ST,San Bernardino Police,2/21/2019 15:33
ASSAULT - AGGRAVATED,2019-00022983,700 BLOCK HARRIS ST,San Bernardino Police,2/21/2019 12:45
THEFT- MOTOR VEHICLE,2019-00022948,1200 BLOCK BASELINE ST,San Bernardino Police,2/21/2019 10:30
THEFT- MOTOR VEHICLE,2019-00023367,600 BLOCK FOISY ST,San Bernardino Police,2/21/2019 7:00
DRUG/NARCOTIC VIOLATIONS,2019-00022837,1500 BLOCK D ST,San Bernardino Police,2/21/2019 6:03
THEFT- MOTOR VEHICLE,2019-00022830,700 BLOCK 9TH ST,San Bernardino Police,2/21/2019 5:00
THEFT - ALL OTHER,2019-00023266,2700 BLOCK PACIFIC ST,San Bernardino Police,2/21/2019 1:43
BURGLARY/BREAKING & ENTERING,2019-00022783,700 BLOCK 2ND ST,San Bernardino Police,2/21/2019 0:49
THEFT- MOTOR VEHICLE,2019-00026475,2600 BLOCK MILL ST,San Bernardino Police,2/21/2019 17:00
THEFT - ALL OTHER,2019-00023036,500 BLOCK J ST,San Bernardino Police,2/21/2019 0:00
ASSAULT - AGGRAVATED,2019-00022785,1300 BLOCK E ST,San Bernardino Police,2/21/2019 0:00
ASSAULT - SIMPLE (NO MED NEEDED),2019-00022767,200 BLOCK 4TH ST,San Bernardino Police,2/20/2019 23:35
"211R/ATT ROBBERY, OTHER ROBBERY",190510124,E BASELINE ST / ELMWOOD RD,Highland Police,2/20/2019 20:15
THEFT - FROM VEH,2019-00022861,2200 BLOCK CHESTNUT ST,San Bernardino Police,2/20/2019 20:00
THEFT - ALL OTHER,2019-00022252,500 BLOCK G ST,San Bernardino Police,2/20/2019 20:00
ROBBERY,2019-00022710,200 BLOCK BASELINE ST,San Bernardino Police,2/20/2019 19:30
THEFT- MOTOR VEHICLE,2019-00022715,D ST & WABASH ST,San Bernardino Police,2/20/2019 19:30
ROBBERY,2019-00023046,1000 BLOCK TIPPECANOE AVE,San Bernardino Police,2/20/2019 19:00
ROBBERY,2019-00022661,200 BLOCK PENNSYLVANIA AVE,San Bernardino Police,2/20/2019 16:30
ASSAULT - AGGRAVATED,2019-00022656,1200 BLOCK BELLE ST,San Bernardino Police,2/20/2019 16:00
"Carry, poss, sell, manuf, furnish, ammo",190003068,2600 BLOCK VIA SAN MIGUEL ST,Fontana Police,2/20/2019 15:49
THEFT- MOTOR VEHICLE,2019-00022634,800 BLOCK E ST,San Bernardino Police,2/20/2019 15:33
ASSAULT - SIMPLE (NO MED NEEDED),2019-00022636,200 BLOCK K ST,San Bernardino Police,2/20/2019 15:30
THEFT - ALL OTHER,2019-00022684,1200 BLOCK HUFF ST,San Bernardino Police,2/20/2019 14:35
ASSAULT - AGGRAVATED,2019-00022587,1100 BLOCK RIALTO AVE,San Bernardino Police,2/20/2019 14:00
THEFT- MOTOR VEHICLE,2019-00022952,300 BLOCK 8TH ST,San Bernardino Police,2/20/2019 14:00
DRUNKENNESS,2019-00022560,2000 BLOCK MILL AVE,San Bernardino Police,2/20/2019 13:20
THEFT- MOTOR VEHICLE,2019-00022471,200 BLOCK E ST,San Bernardino Police,2/20/2019 9:50
THEFT - FROM VEH,2019-00022676,300 BLOCK D ST,San Bernardino Police,2/20/2019 8:00
ROBBERY,2019-00022337,BASELINE ST & BERKELEY AVE,San Bernardino Police,2/20/2019 2:15
THEFT- MOTOR VEHICLE,2019-00022412,200 BLOCK RANCHO AVE,San Bernardino Police,2/19/2019 21:00
THEFT- MOTOR VEHICLE,2019-00022965,700 BLOCK BASELINE ST,San Bernardino Police,2/19/2019 20:55
BURGLARY/BREAKING & ENTERING,2019-00022383,300 BLOCK BASELINE ST,San Bernardino Police,2/19/2019 19:00
ASSAULT - SIMPLE (NO MED NEEDED),2019-00022234,1500 BLOCK BASELINE ST,San Bernardino Police,2/19/2019 18:25
ROBBERY,2019-00022209,800 BLOCK MEDICAL CENTER DR,San Bernardino Police,2/19/2019 17:50
ASSAULT - SIMPLE (NO MED NEEDED),2019-00022192,400 BLOCK GILBERT ST,San Bernardino Police,2/19/2019 17:30
DRUNKENNESS,2019-00022170,15TH ST & STODDARD AVE,San Bernardino Police,2/19/2019 16:55
"ASSAULT-SIMPLE, HANDS, FIST, FEET",190500093,7300 BLOCK GUTHRIE ST,Highland Police,2/19/2019 16:10
ASSAULT - SIMPLE (NO MED NEEDED),2019-00022298,1500 BLOCK BASELINE ST,San Bernardino Police,2/19/2019 15:09
Theft of Motor Vehicle Parts and Accessories,931901492,1000 BLOCK N TERRACE RD,Rialto Police,2/19/2019 14:08
ASSAULT - AGGRAVATED,2019-00022063,300 BLOCK RIALTO AVE,San Bernardino Police,2/19/2019 14:00
AUTO BURGLARY,190500056,7400 BLOCK STERLING AVE,Highland Police,2/19/2019 11:56
ASSAULT - AGGRAVATED,2019-00022464,1600 BLOCK BASELINE ST,San Bernardino Police,2/19/2019 11:00
ROBBERY,2019-00021926,1300 BLOCK 5TH ST,San Bernardino Police,2/19/2019 9:46
ASSAULT - SIMPLE (NO MED NEEDED),2019-00021938,1200 BLOCK MTN VIEW AVE,San Bernardino Police,2/19/2019 9:40
BURGLARY/BREAKING & ENTERING,2019-00021919,700 BLOCK ARROWHEAD AVE,San Bernardino Police,2/19/2019 9:25
BURGLARY/BREAKING & ENTERING,2019-00022275,100 BLOCK 8TH ST,San Bernardino Police,2/19/2019 5:00
THEFT- MOTOR VEHICLE,2019-00022197,400 BLOCK SEPULVEDA AVE,San Bernardino Police,2/19/2019 4:30
FRAUD BY FALSE PRETENSE,190500091,25900 BLOCK BASELINE ST,Highland Police,2/19/2019 2:38
POSS OF CONTROLLED SUBSTANCE,190500006,7200 BLOCK GARDEN DR,San Bernardino County Sheriff,2/19/2019 2:32
GTA - AUTO,190500009,24700 BLOCK 4TH ST,San Bernardino County Sheriff,2/19/2019 2:07
MISC NARCOTIC MISD,190500004,BASELINE ST / MIRA VISTA AVE,Highland Police,2/19/2019 0:44
THEFT- MOTOR VEHICLE,2019-00021884,900 BLOCK RIALTO AVE,San Bernardino Police,2/18/2019 23:00
THEFT- MOTOR VEHICLE,2019-00022083,2600 BLOCK MILL ST,San Bernardino Police,2/18/2019 22:30
ROBBERY,2019-00021744,1400 BLOCK SEPULVEDA AVE,San Bernardino Police,2/18/2019 22:29
THEFT - FROM VEH,2019-00021841,1500 BLOCK BASELINE ST,San Bernardino Police,2/18/2019 19:30
THEFT- MOTOR VEHICLE,2019-00021860,2100 BLOCK RIALTO AVE,San Bernardino Police,2/18/2019 17:00
ASSAULT - AGGRAVATED,2019-00022094,900 BLOCK E ST,San Bernardino Police,2/18/2019 16:18
ASSAULT - SIMPLE (NO MED NEEDED),2019-00021596,300 BLOCK BASELINE ST,San Bernardino Police,2/18/2019 14:05
FRAUD BY FALSE PRETENSE,190490031,600 BLOCK E 3RD ST,San Bernardino County Sheriff,2/18/2019 12:59
THEFT - ALL OTHER,2019-00021568,14TH ST & HERRINGTON AVE,San Bernardino Police,2/18/2019 11:00
ASSAULT - SIMPLE (NO MED NEEDED),2019-00021511,G ST & 6TH ST,San Bernardino Police,2/18/2019 8:00
ASSAULT - AGGRAVATED,2019-00021517,200 BLOCK SIERRA WAY,San Bernardino Police,2/18/2019 2:30
THEFT - ALL OTHER,2019-03000584,1053 WILSON ST,San Bernardino Police,2/18/2019 2:00
THEFT- MOTOR VEHICLE,2019-00021421,2ND ST & K ST,San Bernardino Police,2/18/2019 0:02
AUTO BURGLARY,190480072,6900 BLOCK FAIRFAX DR,San Bernardino County Sheriff,2/17/2019 20:35
BURGLARY/BREAKING & ENTERING,2019-00021502,100 BLOCK BASELINE ST,San Bernardino Police,2/17/2019 20:00
ASSAULT - AGGRAVATED,2019-00021320,1000 BLOCK CABRERA AVE,San Bernardino Police,2/17/2019 18:40
ASSAULT - SIMPLE (NO MED NEEDED),2019-00021311,2200 BLOCK CHESTNUT ST,San Bernardino Police,2/17/2019 18:00
ASSAULT - SIMPLE (NO MED NEEDED),2019-00021319,200 BLOCK 8TH ST,San Bernardino Police,2/17/2019 18:00
THEFT- MOTOR VEHICLE,2019-00021314,1400 BLOCK SEPULVEDA AVE,San Bernardino Police,2/17/2019 18:00
THEFT- MOTOR VEHICLE,2019-00021293,BASELINE ST & G ST,San Bernardino Police,2/17/2019 16:14
"RESIDENTIAL-DAY, ENTRY BY FORCE",190480084,25300 BLOCK 4TH ST,Highland Police,2/17/2019 15:45
ASSAULT - AGGRAVATED,2019-00021250,1500 BLOCK ARIZONA AVE,San Bernardino Police,2/17/2019 14:53
ASSAULT - SIMPLE (NO MED NEEDED),2019-00021205,100 BLOCK E ST,San Bernardino Police,2/17/2019 12:36
THEFT- MOTOR VEHICLE,2019-00021202,600 BLOCK E ST,San Bernardino Police,2/17/2019 12:14
THEFT - ALL OTHER,2019-00021242,800 BLOCK BASELINE ST,San Bernardino Police,2/17/2019 11:30
ASSAULT - AGGRAVATED,2019-00021263,1600 BLOCK ARROWHEAD AVE,San Bernardino Police,2/17/2019 11:00
THEFT- MOTOR VEHICLE,2019-00021207,200 BLOCK OLIVE ST,San Bernardino Police,2/17/2019 10:00
BURGLARY/BREAKING & ENTERING,2019-00021119,300 BLOCK WATERMAN AVE,San Bernardino Police,2/17/2019 6:00
ASSAULT - AGGRAVATED,2019-00021123,1200 BLOCK SIERRA WAY,San Bernardino Police,2/17/2019 5:18
ASSAULT - SIMPLE (NO MED NEEDED),2019-00021084,1500 BLOCK ARDEN AVE,San Bernardino Police,2/17/2019 0:01
ASSAULT - SIMPLE (NO MED NEEDED),2019-00021032,600 BLOCK E ST,San Bernardino Police,2/16/2019 23:23
ROBBERY,2019-00021030,800 BLOCK BASELINE ST,San Bernardino Police,2/16/2019 22:55
ROBBERY,2019-00021030,800 BLOCK BASELINE ST,San Bernardino Police,
VANDALISM/DESTRUCTION/DAMAGE OF PROPERTY,2019-03000587,200 BLOCK MACY ST,San Bernardino Police,2/16/2019 22:00
RAPE - FORCIBLE,2019-00021458,1300 BLOCK E ST,San Bernardino Police,2/16/2019 22:00
THEFT- MOTOR VEHICLE,2019-00022531,SEPULVEDA AVE & BASELINE ST,San Bernardino Police,2/16/2019 21:00
DRUNKENNESS,2019-00020964,1500 BLOCK HANCOCK ST,San Bernardino Police,2/16/2019 20:38
ASSAULT - SIMPLE (NO MED NEEDED),2019-00020956,1300 BLOCK F ST,San Bernardino Police,2/16/2019 20:25
THEFT- MOTOR VEHICLE,2019-00020996,1300 BLOCK E ST,San Bernardino Police,2/16/2019 19:50
WEAPON LAW VIOLATIONS,2019-00020944,400 BLOCK WABASH ST,San Bernardino Police,2/16/2019 19:26
ASSAULT - SIMPLE (NO MED NEEDED),2019-00020941,800 BLOCK RIALTO AVE,San Bernardino Police,2/16/2019 18:30
THEFT - FROM VEH,2019-00021170,1200 BLOCK 14TH ST,San Bernardino Police,2/16/2019 18:00
SHOPLIFTING,2019-00020922,700 BLOCK 2ND ST,San Bernardino Police,2/16/2019 17:20
THEFT- MOTOR VEHICLE,2019-00021027,400 BLOCK ARROWHEAD AVE,San Bernardino Police,2/16/2019 17:07
THEFT - FROM VEH,2019-00021560,900 BLOCK ORANGE ST,San Bernardino Police,2/16/2019 15:00
THEFT- MOTOR VEHICLE,2019-00021499,2600 BLOCK MILL ST,San Bernardino Police,2/16/2019 15:00
BURGLARY/BREAKING & ENTERING,2019-00021047,900 BLOCK 2ND ST,San Bernardino Police,2/16/2019 14:30
ASSAULT - SIMPLE (NO MED NEEDED),2019-00021167,800 BLOCK MT VERNON AVE,San Bernardino Police,2/16/2019 13:55
THEFT- MOTOR VEHICLE,2019-00020996,1300 BLOCK E ST,San Bernardino Police,
DRUNK IN PUBLIC,190470052,25600 BLOCK FISHER ST,Highland Police,2/16/2019 13:30
THEFT - ALL OTHER,2019-00021589,300 BLOCK MT VERNON AVE,San Bernardino Police,2/16/2019 13:00
ASSAULT - SIMPLE (NO MED NEEDED),2019-00020860,100 BLOCK 2ND ST,San Bernardino Police,2/16/2019 13:00
ASSAULT - AGGRAVATED,2019-00020860,100 BLOCK 2ND ST,San Bernardino Police,2/16/2019 13:00
ASSAULT - AGGRAVATED,2019-00021193,1100 BLOCK MEDICAL CENTER DR,San Bernardino Police,2/16/2019 12:00
ASSAULT - AGGRAVATED,2019-00020815,700 BLOCK BASELINE ST,San Bernardino Police,2/16/2019 11:59
THEFT - ALL OTHER,2019-03000573,900 BLOCK WATERMAN AVE,San Bernardino Police,2/16/2019 11:45
THEFT- MOTOR VEHICLE,2019-00021185,400 BLOCK STODDARD AVE,San Bernardino Police,2/16/2019 11:21
"211, STRONGARM, OTHER ROBBERY",190470042,ROGERS LN / BASELINE ST,Highland Police,2/16/2019 11:10
ASSAULT - SIMPLE (NO MED NEEDED),2019-00020772,1400 BLOCK MAGNOLIA AVE,San Bernardino Police,2/16/2019 9:46
THEFT - ALL OTHER,2019-00020779,1200 BLOCK WATERMAN AVE,San Bernardino Police,2/16/2019 9:45
BURGLARY/BREAKING & ENTERING,2019-03000575,900 BLOCK MILL ST,San Bernardino Police,2/16/2019 9:15
THEFT - ALL OTHER,2019-00020854,300 BLOCK DOOLITTLE DR,San Bernardino Police,2/16/2019 7:00
BURGLARY/BREAKING & ENTERING,2019-00020733,800 BLOCK E ST,San Bernardino Police,2/16/2019 6:25
VANDALISM FELONY OVER $400.00,190470013,25700 BLOCK BASELINE ST,Highland Police,2/16/2019 3:18
THEFT - ALL OTHER,2019-03000585,689 S E ST,San Bernardino Police,2/16/2019 1:15
ASSAULT - SIMPLE (NO MED NEEDED),2019-00020655,1400 BLOCK BELLE ST,San Bernardino Police,2/15/2019 23:45
ASSAULT - AGGRAVATED,2019-00021482,WALL AVE & BASELINE ST,San Bernardino Police,2/15/2019 23:00
BURGLARY/BREAKING & ENTERING,2019-00020745,1500 BLOCK SEPULVEDA AVE,San Bernardino Police,2/15/2019 22:00
THEFT - ALL OTHER,2019-00020761,600 BLOCK J ST,San Bernardino Police,2/15/2019 20:00
THEFT - ALL OTHER,2019-03000576,400 BLOCK E ST,San Bernardino Police,2/15/2019 20:00
THEFT- MOTOR VEHICLE,2019-00021971,200 BLOCK E ST,San Bernardino Police,2/15/2019 18:13
DRUG/NARCOTIC VIOLATIONS,2019-00020523,747 N ARROWHEAD AVE,San Bernardino Police,2/15/2019 16:56
ASSAULT - SIMPLE (NO MED NEEDED),2019-00020533,900 BLOCK MTN VIEW AVE,San Bernardino Police,2/15/2019 16:45
VANDALISM/DESTRUCTION/DAMAGE OF PROPERTY,2019-03000578,500 INLAND CENTER DR,San Bernardino Police,2/15/2019 16:35
ASSAULT - AGGRAVATED,2019-00020516,1000 BLOCK 2ND ST,San Bernardino Police,2/15/2019 16:14
RAPE - FORCIBLE,2019-00020506,UNION ST & MEDICAL CENTER DR,San Bernardino Police,2/15/2019 14:15
THEFT - ALL OTHER,2019-00020443,D ST & RIALTO AVE,San Bernardino Police,2/15/2019 13:30
ROBBERY,2019-00020398,700 BLOCK 2ND ST,San Bernardino Police,2/15/2019 12:14
ASSAULT - SIMPLE (NO MED NEEDED),2019-00020367,700 BLOCK 9TH ST,San Bernardino Police,2/15/2019 11:00
THEFT - ALL OTHER,,,,
ROBBERY,2019-00020370,200 BLOCK 9TH ST,San Bernardino Police,2/15/2019 10:31
ASSAULT - SIMPLE (NO MED NEEDED),2019-00020334,600 BLOCK H ST,San Bernardino Police,2/15/2019 9:30
THEFT- MOTOR VEHICLE,2019-00020248,2600 BLOCK POPLAR ST,San Bernardino Police,2/15/2019 2:40
ASSAULT - SIMPLE (NO MED NEEDED),2019-00020232,1100 BLOCK D ST,San Bernardino Police,2/15/2019 1:15
MURDER/HOMICIDE,190460002,26300 BLOCK E BASELINE ST,Highland Police,2/15/2019 0:19
ASSAULT - SIMPLE (NO MED NEEDED),2019-00021704,300 BLOCK BASELINE ST,San Bernardino Police,2/14/2019 22:00
ASSAULT - SIMPLE (NO MED NEEDED),2019-00020552,1400 BLOCK SEPULVEDA AVE,San Bernardino Police,2/14/2019 21:00
THEFT- MOTOR VEHICLE,2019-00020291,200 BLOCK RANCHO AVE,San Bernardino Police,2/14/2019 21:00
ASSAULT - AGGRAVATED,2019-00020130,200 BLOCK BASELINE ST,San Bernardino Police,2/14/2019 18:00
ROBBERY,2019-00020091,1100 BLOCK 2ND ST,San Bernardino Police,2/14/2019 16:03
ROBBERY,2019-00020056,1300 BLOCK WATERMAN AVE,San Bernardino Police,2/14/2019 13:55
SHOPLIFTING,2019-00020058,700 BLOCK 2ND ST,San Bernardino Police,2/14/2019 13:50
THEFT- MOTOR VEHICLE,2019-00020010,900 BLOCK GILBERT ST,San Bernardino Police,2/14/2019 12:39
SHOPLIFTING,2019-00020009,900 BLOCK MILL ST,San Bernardino Police,2/14/2019 11:06
"RESIDENTIAL-DAY, ENTRY NO FORCE",190450043,8000 BLOCK MICHAEL DR,Highland Police,2/14/2019 10:25
THEFT- MOTOR VEHICLE,2019-00020291,200 BLOCK RANCHO AVE,San Bernardino Police,2/14/2019 21:00
ASSAULT - SIMPLE (NO MED NEEDED),2019-00019939,200 BLOCK WABASH ST,San Bernardino Police,2/14/2019 9:00
THEFT- MOTOR VEHICLE,2019-00020389,1300 BLOCK WINDSOR DR,San Bernardino Police,2/14/2019 7:30
THEFT - ALL OTHER,2019-00020484,1300 BLOCK PARKSIDE DR,San Bernardino Police,2/14/2019 7:00
BURGLARY/BREAKING & ENTERING,2019-00019883,400 BLOCK 6TH ST,San Bernardino Police,2/14/2019 4:39
THEFT- MOTOR VEHICLE,2019-00020082,1400 BLOCK SEPULVEDA AVE,San Bernardino Police,2/14/2019 2:00
BURGLARY/BREAKING & ENTERING,2019-00019855,600 BLOCK E ST,San Bernardino Police,2/14/2019 1:43
THEFT- MOTOR VEHICLE,2019-00019833,RIALTO AVE & RANCHO AVE,San Bernardino Police,2/13/2019 23:30
DISCHARGE FIREARM NEGLIGENT,190460035,26100 BLOCK CYPRESS ST,Highland Police,2/13/2019 23:24
ROBBERY,2019-00019825,300 BLOCK BASELINE ST,San Bernardino Police,2/13/2019 23:19
ASSAULT - AGGRAVATED,2019-00020112,1800 BLOCK 7TH ST,San Bernardino Police,2/13/2019 22:00
ASSAULT - SIMPLE (NO MED NEEDED),2019-00019791,1100 BLOCK HUFF ST,San Bernardino Police,2/13/2019 20:20
ASSAULT - AGGRAVATED,2019-00019791,1100 BLOCK HUFF ST,San Bernardino Police,2/13/2019 20:20
THEFT- MOTOR VEHICLE,2019-00019792,200 BLOCK 13TH ST,San Bernardino Police,2/13/2019 19:55
THEFT - ALL OTHER,2019-00019961,200 BLOCK 5TH ST,San Bernardino Police,2/13/2019 19:45
THEFT - ALL OTHER,2019-00019771,200 BLOCK PENNSYLVANIA AVE,San Bernardino Police,2/13/2019 19:05
ASSAULT - SIMPLE (NO MED NEEDED),2019-00019752,1100 BLOCK 2ND ST,San Bernardino Police,2/13/2019 18:20
"ASSAULT, NON AGGRAVATED, TO CHILD",190440086,7400 BLOCK ELM ST,Highland Police,2/13/2019 17:44
ASSAULT - SIMPLE (NO MED NEEDED),2019-00019718,1200 BLOCK LUGO AVE,San Bernardino Police,2/13/2019 17:00
ROBBERY,2019-00019698,CALIFORNIA ST & 16TH ST,San Bernardino Police,2/13/2019 16:20
ASSAULT - SIMPLE (NO MED NEEDED),2019-00019702,1200 BLOCK SIERRA WAY,San Bernardino Police,2/13/2019 16:00
ADW - OTHER DANGEROUS WEAPON,190440075,8100 BLOCK TIPPECANOE AVE,San Bernardino County Sheriff,2/13/2019 15:54
ASSAULT - SIMPLE (NO MED NEEDED),2019-00019591,100 BLOCK 9TH ST,San Bernardino Police,2/13/2019 13:00
THEFT - ALL OTHER,2019-00019582,1100 BLOCK 2ND ST,San Bernardino Police,2/13/2019 13:00
ASSAULT - SIMPLE (NO MED NEEDED),2019-00019569,200 BLOCK D ST,San Bernardino Police,2/13/2019 11:45
THEFT - ALL OTHER,2019-00019502,200 BLOCK I ST,San Bernardino Police,2/13/2019 10:36
SHOPLIFTING,2019-00019458,800 BLOCK INLAND CENTER DR,San Bernardino Police,2/13/2019 9:24
ASSAULT - SIMPLE (NO MED NEEDED),2019-00019476,1200 BLOCK F ST,San Bernardino Police,2/13/2019 9:00
THEFT- MOTOR VEHICLE,2019-00019414,100 BLOCK D ST,San Bernardino Police,2/13/2019 7:31
THEFT- MOTOR VEHICLE,2019-00022482,1900 BLOCK EVANS ST,San Bernardino Police,2/13/2019 7:00
THEFT - ALL OTHER,2019-00019926,700 BLOCK ARROWHEAD AVE,San Bernardino Police,2/13/2019 7:00
THEFT- MOTOR VEHICLE,2019-00019406,2300 BLOCK ISABELLA DR,San Bernardino Police,2/13/2019 4:45
ASSAULT - AGGRAVATED,2019-00019363,300 BLOCK BASELINE ST,San Bernardino Police,2/13/2019 4:00
ASSAULT - SIMPLE (NO MED NEEDED),2019-00019461,1000 BLOCK CABRERA AVE,San Bernardino Police,2/13/2019 3:30
ASSAULT - SIMPLE (NO MED NEEDED),2019-00019267,1000 BLOCK TEMPLE ST,San Bernardino Police,2/12/2019 19:45
THEFT- MOTOR VEHICLE,2019-00019279,400 BLOCK WABASH ST,San Bernardino Police,2/12/2019 18:00
THEFT - ALL OTHER,2019-00019674,ARROWHEAD AVE & 2ND ST,San Bernardino Police,2/12/2019 15:00
THEFT - FROM VEH,2019-00019173,300 BLOCK E ST,San Bernardino Police,2/12/2019 14:30
THEFT- MOTOR VEHICLE,2019-00019108,700 BLOCK 7TH ST,San Bernardino Police,2/12/2019 13:40
"211, STRONGARM, OTHER ROBBERY",190430055,25600 BLOCK BASELINE ST,Highland Police,2/12/2019 13:21
BURGLARY/BREAKING & ENTERING,2019-00019514,1400 BLOCK WATERMAN AVE,San Bernardino Police,2/12/2019 12:25
ASSAULT - SIMPLE (NO MED NEEDED),2019-00018994,300 BLOCK WABASH ST,San Bernardino Police,2/12/2019 10:20
VANDALISM/DESTRUCTION/DAMAGE OF PROPERTY,2019-03000565,618 S MT VERNON AVE,San Bernardino Police,2/12/2019 9:00
SHOPLIFTING,2019-00018847,1500 BLOCK BASELINE ST,San Bernardino Police,2/12/2019 5:11
THEFT- MOTOR VEHICLE,2019-00018827,200 BLOCK BIG HORN MOUNTAIN RD,San Bernardino Police,2/12/2019 3:13
VANDALISM/DESTRUCTION/DAMAGE OF PROPERTY,2019-03000568,531 N F ST,San Bernardino Police,2/11/2019 22:00
ASSAULT - SIMPLE (NO MED NEEDED),2019-00019267,1000 BLOCK TEMPLE ST,San Bernardino Police,
VANDALISM/DESTRUCTION/DAMAGE OF PROPERTY,2019-03000569,1259 CONGRESS ST,San Bernardino Police,2/11/2019 20:30
BURGLARY/BREAKING & ENTERING,2019-03000408,1400 BLOCK BASELINE ST,San Bernardino Police,2/11/2019 17:45
ASSAULT - SIMPLE (NO MED NEEDED),2019-00018753,500 BLOCK G ST,San Bernardino Police,2/11/2019 17:30
ROBBERY,2019-00018675,1500 BLOCK BASELINE ST,San Bernardino Police,2/11/2019 17:00
SHOPLIFTING,2019-00018662,300 BLOCK INLAND CENTER MALL,San Bernardino Police,2/11/2019 15:40
ASSAULT - AGGRAVATED,2019-00018643,1100 BLOCK ORANGE ST,San Bernardino Police,2/11/2019 14:50
BURGLARY/BREAKING & ENTERING,2019-00018767,1100 BLOCK ESPERANZA ST,San Bernardino Police,2/11/2019 9:00
THEFT - ALL OTHER,2019-00018362,200 BLOCK 8TH ST,San Bernardino Police,2/11/2019 4:28
THEFT - FROM VEH,2019-00018347,400 BLOCK 2ND ST,San Bernardino Police,2/11/2019 3:00
ASSAULT - SIMPLE (NO MED NEEDED),2019-00018387,200 BLOCK 8TH ST,San Bernardino Police,2/11/2019 0:01
VANDALISM/DESTRUCTION/DAMAGE OF PROPERTY,2019-03000559,6958 E TIPPACANOE AVE,San Bernardino Police,2/10/2019 23:45
THEFT - ALL OTHER,2019-00019726,1400 BLOCK CRESCENT AVE,San Bernardino Police,2/10/2019 21:00
THEFT - ALL OTHER,2019-00018215,500 INLAND CENTER DR,San Bernardino Police,2/10/2019 18:30
ASSAULT - AGGRAVATED,2019-00018206,1200 BLOCK GENEVIEVE ST,San Bernardino Police,2/10/2019 18:05
DRUNKENNESS,2019-00018199,1200 BLOCK 3RD ST,San Bernardino Police,2/10/2019 17:44
THEFT - ALL OTHER,2019-03000563,796 INLAND CENTER DR,San Bernardino Police,2/10/2019 14:34
SHOPLIFTING,2019-00018150,400 BLOCK INLAND CENTER MALL,San Bernardino Police,2/10/2019 14:00
THEFT - ALL OTHER,2019-00018173,200 BLOCK 8TH ST,San Bernardino Police,2/10/2019 12:00
THEFT - FROM VEH,2019-00018174,300 BLOCK E ST,San Bernardino Police,2/10/2019 11:00
GTA - AUTO,190410034,7300 BLOCK STERLING AVE,Highland Police,2/10/2019 10:00
THEFT- MOTOR VEHICLE,2019-00018958,2600 BLOCK PACIFIC ST,San Bernardino Police,2/10/2019 8:30
MISC NARCOTIC MISD,190410017,24200 BLOCK MONTEREY AVE,San Bernardino County Sheriff,2/10/2019 7:41
BURGLARY/BREAKING & ENTERING,2019-00018022,100 BLOCK E ST,San Bernardino Police,2/10/2019 6:34
"COMMERCIAL-NIGHT, ENTRY BY FORCE",190410018,7900 BLOCK TIPPECANOE AVE,San Bernardino County Sheriff,2/10/2019 5:29
BURGLARY/BREAKING & ENTERING,2019-00018057,400 BLOCK E ST,San Bernardino Police,2/10/2019 3:00
ASSAULT - AGGRAVATED,2019-00017970,CLUSTER ST & MTN VIEW AVE,San Bernardino Police,2/10/2019 1:40
DRUNKENNESS,2019-00017937,235 KINGMAN,San Bernardino Police,2/10/2019 0:00
ASSAULT - SIMPLE (NO MED NEEDED),2019-00020377,600 BLOCK E ST,San Bernardino Police,2/10/2019 0:00
THEFT - FROM VEH,2019-00018061,1200 BLOCK LUGO AVE,San Bernardino Police,2/9/2019 21:00
ASSAULT - AGGRAVATED,2019-00017827,1300 BLOCK 5TH ST,San Bernardino Police,2/9/2019 20:20
ROBBERY,2019-00017806,11TH ST & GARNER AVE,San Bernardino Police,2/9/2019 18:45
THEFT - ALL OTHER,2019-03000560,500 BLOCK 4TH ST,San Bernardino Police,2/9/2019 18:30
SHOPLIFTING,2019-00017807,100 BLOCK INLAND CENTER DR,San Bernardino Police,2/9/2019 17:20
ASSAULT - AGGRAVATED,2019-00017762,D ST & MAGNOLIA AVE,San Bernardino Police,2/9/2019 17:00
ROBBERY,2019-00017694,100 BLOCK E ST,San Bernardino Police,2/9/2019 15:15
CURFEW/LOITERING/VAGRANCY VIOLATIONS,2019-00017661,I215 / MILL ST,San Bernardino Police,2/9/2019 14:51
THEFT- MOTOR VEHICLE,2019-00017648,700 BLOCK 2ND ST,San Bernardino Police,2/9/2019 12:00
BURGLARY/BREAKING & ENTERING,2019-00017716,1300 BLOCK BELLE ST,San Bernardino Police,2/9/2019 12:00
THEFT - ALL OTHER,2019-00018926,100 BLOCK 5TH ST,San Bernardino Police,2/9/2019 11:30
THEFT- MOTOR VEHICLE,2019-00017602,400 BLOCK 6TH ST,San Bernardino Police,2/9/2019 8:42
THEFT - FROM VEH,2019-03000419,654 W 4TH ST,San Bernardino Police,2/9/2019 8:10
THEFT- MOTOR VEHICLE,2019-00017672,1600 BLOCK MAGNOLIA AVE,San Bernardino Police,2/9/2019 4:35
THEFT - FROM VEH,2019-00017515,300 BLOCK 10TH ST,San Bernardino Police,2/9/2019 4:00
POSS OF CONTROLLED SUBSTANCE,190400014,MARILYN AVE / 4TH ST,Highland Police,2/9/2019 1:18
ASSAULT - SIMPLE (NO MED NEEDED),2019-00017449,2700 BLOCK PACIFIC ST,San Bernardino Police,2/9/2019 0:55
THEFT- MOTOR VEHICLE,2019-00017602,400 BLOCK 6TH ST,San Bernardino Police,
"RESIDENTIAL-DAY, ENTRY NO FORCE",190400005,7003 N CONEJO DR 1/2,San Bernardino County Sheriff,2/9/2019 0:21
PETTY THEFT UNDER $950,190430075,7500 BLOCK ELMWOOD RD,Highland Police,2/8/2019 23:00
THEFT - ALL OTHER,2019-00017429,2200 BLOCK CHESTNUT ST,San Bernardino Police,2/8/2019 22:00
ASSAULT - SIMPLE (NO MED NEEDED),2019-00017350,200 BLOCK 9TH ST,San Bernardino Police,2/8/2019 21:33
"ASSAULT-SIMPLE, HANDS, FIST, FEET",190390105,7000 BLOCK GARDEN DR,San Bernardino County Sheriff,2/8/2019 20:16
ROBBERY,2019-00017332,600 BLOCK H ST,San Bernardino Police,2/8/2019 20:00
THEFT - FROM BUILDING,2019-00017335,400 BLOCK BASELINE ST,San Bernardino Police,2/8/2019 18:00
PETTY THEFT UNDER $950,190390082,N STERLING AVE / E PACIFIC ST,Highland Police,2/8/2019 15:00
CARRYING CONCEALED FIREARM,190390054,26100 BLOCK BASELINE ST,Highland Police,2/8/2019 14:53
ROBBERY,2019-00017136,1100 BLOCK 2ND ST,San Bernardino Police,2/8/2019 13:12
ASSAULT - SIMPLE (NO MED NEEDED),2019-00017049,1400 BLOCK GENEVIEVE ST,San Bernardino Police,2/8/2019 10:16
ASSAULT - SIMPLE (NO MED NEEDED),2019-00017004,1400 BLOCK 9TH ST,San Bernardino Police,2/8/2019 8:30
THEFT - ALL OTHER,2019-00017284,2600 BLOCK CARDAMON ST,San Bernardino Police,2/8/2019 6:40
ROBBERY,2019-00017036,100 BLOCK 5TH ST,San Bernardino Police,2/8/2019 5:00
BURGLARY/BREAKING & ENTERING,2019-00016959,1100 BLOCK BASELINE ST,San Bernardino Police,2/8/2019 4:48
"ASSAULT-SIMPLE, HANDS, FIST, FEET",190390105,,,
ASSAULT - SIMPLE (NO MED NEEDED),2019-00016929,300 BLOCK GILBERT ST,San Bernardino Police,2/8/2019 2:15
ASSAULT - AGGRAVATED,2019-00016916,100 BLOCK F ST,San Bernardino Police,2/8/2019 1:20
BURGLARY/BREAKING & ENTERING,2019-00016935,900 BLOCK REECE ST,San Bernardino Police,2/8/2019 0:00
ASSAULT - SIMPLE (NO MED NEEDED),2019-00016861,1500 BLOCK BASELINE ST,San Bernardino Police,2/7/2019 21:40
THEFT - FROM VEH,2019-00017033,700 BLOCK ARROWHEAD AVE,San Bernardino Police,2/7/2019 21:00
ASSAULT - SIMPLE (NO MED NEEDED),2019-00016825,1300 BLOCK POPLAR ST,San Bernardino Police,2/7/2019 20:17
POSS OF CONTROLLED SUBSTANCE,190380092,N DEL ROSA DR / E 9TH ST,San Bernardino County Sheriff,2/7/2019 19:39
ROBBERY,2019-00016803,1200 BLOCK MTN VIEW AVE,San Bernardino Police,2/7/2019 19:00
SHOPLIFTING,190380091,25700 BLOCK BASELINE ST,Highland Police,2/7/2019 18:30
"211, STRONGARM, OTHER ROBBERY",190380066,BASELINE ST / ELM ST,Highland Police,2/7/2019 15:21
ASSAULT - AGGRAVATED,2019-00017455,BASELINE ST & E ST,San Bernardino Police,2/7/2019 15:00
"211, STRONGARM, OTHER ROBBERY",190380055,6TH ST / LANKERSHIM AVE,Highland Police,2/7/2019 13:47
"FRAUD, IDENTITY THEFT",190380044,600 BLOCK E 3RD ST,San Bernardino County Sheriff,2/7/2019 12:44
ASSAULT - SIMPLE (NO MED NEEDED),2019-00016595,100 BLOCK D ST,San Bernardino Police,2/7/2019 12:20
THEFT- MOTOR VEHICLE,2019-00017020,16TH ST & MASSACHUSETTS AVE,San Bernardino Police,2/7/2019 12:00
ROBBERY,2019-00016542,1600 BLOCK CONGRESS ST,San Bernardino Police,2/7/2019 11:02
THEFT - BICYCLES,2019-00016626,900 BLOCK E ST,San Bernardino Police,2/7/2019 10:00
ASSAULT - SIMPLE (NO MED NEEDED),2019-00016506,100 BLOCK 10TH ST,San Bernardino Police,2/7/2019 9:50
BURGLARY/BREAKING & ENTERING,2019-00016740,200 BLOCK ALLEN ST,San Bernardino Police,2/7/2019 9:00
LOST OR STOLEN PLATE,190380021,26400 BLOCK TEMPLE ST,Highland Police,2/7/2019 9:00
THEFT - ALL OTHER,2019-00017085,1500 BLOCK BASELINE ST,San Bernardino Police,2/7/2019 8:00
ASSAULT - SIMPLE (NO MED NEEDED),2019-00016386,6TH ST & H ST,San Bernardino Police,2/7/2019 0:21
THEFT- MOTOR VEHICLE,2019-00016380,D ST & MAGNOLIA AVE,San Bernardino Police,2/6/2019 23:00
ASSAULT - SIMPLE (NO MED NEEDED),2019-00016332,1300 BLOCK ARROWHEAD AVE,San Bernardino Police,2/6/2019 20:18
ASSAULT - AGGRAVATED,2019-00016321,RIALTO AVE & E ST,San Bernardino Police,2/6/2019 19:30
POSS OF CONTROLLED SUBSTANCE,190370073,S DEL ROSA DR / BESSANT ST,San Bernardino County Sheriff,2/6/2019 19:18
THEFT- MOTOR VEHICLE,2019-00016357,G ST & 11TH ST,San Bernardino Police,2/6/2019 19:00
THEFT - ALL OTHER,2019-00016751,500 BLOCK SAN BENITO AVE,San Bernardino Police,2/6/2019 17:00
MISC NARCOTIC MISD,190370102,STERLING AVE / 13TH ST,Highland Police,2/6/2019 16:19
MISC NARCOTIC MISD,190370103,VICTORIA AVE / 14TH ST,Highland Police,2/6/2019 16:19
THEFT - ALL OTHER,2019-00016559,2600 BLOCK CARDAMON ST,San Bernardino Police,2/6/2019 16:00
LOST OR STOLEN PLATE,190370080,7500 BLOCK GUTHRIE ST,Highland Police,2/6/2019 14:08
THEFT - ALL OTHER,2019-00016182,1100 BLOCK ACACIA AVE,San Bernardino Police,2/6/2019 13:45
GTA - AUTO,190370074,BASELINE ST / STERLING AVE,Highland Police,2/6/2019 13:22
ASSAULT - AGGRAVATED,2019-00016181,200 BLOCK DALLAS AVE,San Bernardino Police,2/6/2019 13:15
ASSAULT - SIMPLE (NO MED NEEDED),2019-00016158,PERSHING AVE & 7TH ST,San Bernardino Police,2/6/2019 13:04
THEFT - ALL OTHER,2019-00016171,100 BLOCK ALLEN ST,San Bernardino Police,2/6/2019 12:00
ASSAULT - AGGRAVATED,2019-00016074,1500 BLOCK D ST,San Bernardino Police,2/6/2019 10:00
BURGLARY/BREAKING & ENTERING,2019-00019504,1600 BLOCK 10TH ST,San Bernardino Police,2/6/2019 8:00
ASSAULT - AGGRAVATED,2019-00015992,200 BLOCK BASELINE ST,San Bernardino Police,2/6/2019 4:45
THEFT- MOTOR VEHICLE,2019-00015969,2600 BLOCK 2ND ST,San Bernardino Police,2/6/2019 1:51
VANDALISM LESS THAN $400.00,190370008,6900 BLOCK VICTORIA AVE,Highland Police,2/6/2019 1:29
THEFT- MOTOR VEHICLE,2019-00015980,1300 BLOCK 9TH ST,San Bernardino Police,2/6/2019 1:00
THEFT - ALL OTHER,2019-00016680,2600 BLOCK CARDAMON ST,San Bernardino Police,2/6/2019 0:00
ASSAULT - SIMPLE (NO MED NEEDED),2019-00015914,599 W RIALTO AVE,San Bernardino Police,2/5/2019 22:37
THEFT - FROM VEH,2019-03000423,1000 BLOCK 6TH ST,San Bernardino Police,2/5/2019 21:30
MISC NARCOTIC MISD,190360102,BASELINE ST / MIRA VISTA AVE,Highland Police,2/5/2019 20:37
THEFT - FROM VEH,2019-00016116,2100 BLOCK RIALTO AVE,San Bernardino Police,2/5/2019 17:00
THEFT- MOTOR VEHICLE,2019-00015796,200 BLOCK 9TH ST,San Bernardino Police,2/5/2019 16:03
THEFT - ALL OTHER,2019-00016151,1200 BLOCK CEDAR ST,San Bernardino Police,2/5/2019 16:00
THEFT - ALL OTHER,2019-00016065,400 BLOCK 3RD ST,San Bernardino Police,2/5/2019 16:00
THEFT - ALL OTHER,2019-00015798,555 W 2ND ST,San Bernardino Police,2/5/2019 15:58
SHOPLIFTING,2019-00015771,555 W 2ND ST,San Bernardino Police,2/5/2019 14:15
SHOPLIFTING,2019-00015785,601 W 2ND ST,San Bernardino Police,2/5/2019 14:00
THEFT - ALL OTHER,2019-00018474,600 BLOCK J ST,San Bernardino Police,2/5/2019 11:00
THEFT - FROM VEH,2019-00016048,1800 BLOCK 13TH ST,San Bernardino Police,2/5/2019 9:30
THEFT- MOTOR VEHICLE,2019-00015567,200 BLOCK TEMPLE ST,San Bernardino Police,2/5/2019 0:01
ASSAULT - SIMPLE (NO MED NEEDED),2019-00015461,1500 BLOCK LUGO AVE,San Bernardino Police,2/4/2019 23:00
ASSAULT - SIMPLE (NO MED NEEDED),2019-00015890,600 BLOCK 14TH ST,San Bernardino Police,2/4/2019 23:00
BURGLARY/BREAKING & ENTERING,2019-00015455,200 BLOCK 8TH ST,San Bernardino Police,2/4/2019 22:00
RAPE - FORCIBLE,2019-00024906,MACY ST & 2ND ST,San Bernardino Police,2/4/2019 21:00
BURGLARY/BREAKING & ENTERING,2019-00015573,1100 BLOCK 3RD ST,San Bernardino Police,2/4/2019 21:00
THEFT - VEH PARTS,2019-00016331,13TH ST & K ST,San Bernardino Police,2/4/2019 20:30
ROBBERY,2019-00015410,1000 BLOCK WATERMAN AVE,San Bernardino Police,2/4/2019 19:00
THEFT - FROM VEH,2019-03000355,500 BLOCK MT VERNON AVE,San Bernardino Police,2/4/2019 19:00
THEFT - FROM VEH,2019-03000353,500 BLOCK MT VERNON AVE,San Bernardino Police,2/4/2019 19:00
THEFT - FROM VEH,2019-03000356,500 BLOCK MT VERNON AVE,San Bernardino Police,2/4/2019 18:40
"RESIDENTIAL-DAY, ENTRY BY FORCE",190350077,26400 BLOCK TEMPLE ST,Highland Police,2/4/2019 18:27
ASSAULT - SIMPLE (NO MED NEEDED),2019-00015394,2100 BLOCK CHESTNUT ST,San Bernardino Police,2/4/2019 18:15
THEFT - ALL OTHER,2019-00015649,700 BLOCK MILL ST,San Bernardino Police,2/4/2019 17:30
ASSAULT - SIMPLE (NO MED NEEDED),2019-00015360,1100 BLOCK BASELINE ST,San Bernardino Police,2/4/2019 16:30
THEFT- MOTOR VEHICLE,2019-00015371,2100 BLOCK RIALTO AVE,San Bernardino Police,2/4/2019 16:00
THEFT- MOTOR VEHICLE,2019-00015386,200 BLOCK G ST,San Bernardino Police,2/4/2019 13:56
SHOPLIFTING,2019-00015248,1100 BLOCK 2ND ST,San Bernardino Police,2/4/2019 12:01
MISC NARCOTIC MISD,190350025,25700 BLOCK BASELINE ST,Highland Police,2/4/2019 9:36
RAPE - FORCIBLE,2019-00024906,MACY ST & 2ND ST,San Bernardino Police,
ASSAULT - AGGRAVATED,2019-00015166,1600 BLOCK TEMPLE ST,San Bernardino Police,2/4/2019 9:01
THEFT- MOTOR VEHICLE,2019-00015577,13TH ST & MT VERNON AVE,San Bernardino Police,2/4/2019 8:52
THEFT - ALL OTHER,2019-00015236,100 BLOCK WATERMAN AVE,San Bernardino Police,2/4/2019 8:15
BURGLARY/BREAKING & ENTERING,2019-00015122,600 BLOCK LINCOLN AVE,San Bernardino Police,2/4/2019 4:06
BURGLARY/BREAKING & ENTERING,2019-00015081,500 BLOCK 5TH ST,San Bernardino Police,2/4/2019 0:00
ASSAULT - AGGRAVATED,2019-00015043,100 BLOCK 5TH ST,San Bernardino Police,2/3/2019 22:11
ASSAULT - SIMPLE (NO MED NEEDED),2019-00015040,1400 BLOCK 9TH ST,San Bernardino Police,2/3/2019 22:05
DRUG/NARCOTIC VIOLATIONS,2019-00015039,1200 BLOCK SEPULVEDA AVE,San Bernardino Police,2/3/2019 21:51
DRUG EQUIPMENT VIOLATIONS (PARAPHENLIA),2019-00015039,1200 BLOCK SEPULVEDA AVE,San Bernardino Police,2/3/2019 21:51
THEFT - ALL OTHER,2019-00022444,600 BLOCK PERRIS ST,San Bernardino Police,2/3/2019 20:00
GTA - AUTO,190340084,BASELINE ST / MC KINLEY ST,Highland Police,2/3/2019 19:50
THEFT - ALL OTHER,2019-00015266,100 BLOCK 8TH ST,San Bernardino Police,2/3/2019 19:00
ROBBERY,2019-00014991,1300 BLOCK 5TH ST,San Bernardino Police,2/3/2019 19:00
ROBBERY,2019-00014973,100 BLOCK BASELINE ST,San Bernardino Police,2/3/2019 17:20
SHOPLIFTING,2019-00014967,400 BLOCK BASELINE ST,San Bernardino Police,2/3/2019 16:05
THEFT - ALL OTHER,2019-00015236,100 BLOCK WATERMAN AVE,,
BURGLARY/BREAKING & ENTERING,2019-00015054,200 BLOCK RANCHO AVE,San Bernardino Police,2/3/2019 14:00
ASSAULT - SIMPLE (NO MED NEEDED),2019-00016558,1300 BLOCK WATERMAN AVE,San Bernardino Police,2/3/2019 12:00
"ASSAULT, NON AGGRAVATED, TO CHILD",190340016,6900 BLOCK N BARTON ST,San Bernardino County Sheriff,2/3/2019 5:32
VANDALISM FELONY OVER $400.00,190340020,26000 BLOCK BASELINE ST,Highland Police,2/3/2019 4:43
DRUNKENNESS,2019-00014803,100 BLOCK J ST,San Bernardino Police,2/3/2019 4:29
ASSAULT - SIMPLE (NO MED NEEDED),2019-00014802,2400 BLOCK UNION ST,San Bernardino Police,2/3/2019 4:15
POSS OF CONTROLLED SUBSTANCE,190340015,25900 BLOCK 9TH ST,Highland Police,2/3/2019 3:48
ASSAULT - SIMPLE (NO MED NEEDED),2019-00015470,1100 BLOCK 9TH ST,San Bernardino Police,2/3/2019 3:00
ASSAULT - SIMPLE (NO MED NEEDED),2019-00014749,1000 BLOCK SPRUCE ST,San Bernardino Police,2/3/2019 0:01
POSS OF CONTROLLED SUBSTANCE,,,,
